TCGTTGTT,1
CGACTGTT,2
GGTATGTT,3
GTTCGGTT,4
GGCTCGTT,5
GAGCCGTT,6
CATACGTT,7
TTAACGTT,8
CGTTAGTT,9
ATGGAGTT,10
GCAGAGTT,11
ACTCAGTT,12
TAACAGTT,13
TCCAAGTT,14
GGCGTCTT,15
CCAGTCTT,16
GAACTCTT,17
AACTGCTT,18
TGAGGCTT,19
ATACGCTT,20
CTTAGCTT,21
CGATCCTT,22
TACGCCTT,23
AAGACCTT,24
CCGCACTT,25
AGTAACTT,26
GTCAACTT,27
GTGTTATT,28
CAATTATT,29
ATCGTATT,30
TCCTGATT,31
GGACGATT,32
TATAGATT,33
CTCTCATT,34
ACATCATT,35
CCTGCATT,36
AATCCATT,37
AAGTAATT,38
GATGAATT,39
CGAGAATT,40
TTGCAATT,41
CACCAATT,42
CTGGTTGT,43
ACACTTGT,44
GGAATTGT,45
CACCGTGT,46
AATAGTGT,47
CCGAGTGT,48
GTCAGTGT,49
TGATCTGT,50
ACGGCTGT,51
TTGCCTGT,52
ATAACTGT,53
GAAGATGT,54
GGTCATGT,55
CTTAATGT,56
ACCAATGT,57
GCCTTGGT,58
GATGTGGT,59
TCTCTGGT,60
CACTCGGT,61
TAGGCGGT,62
CCATAGGT,63
AGAGAGGT,64
CGCCAGGT,65
GAGAAGGT,66
CACGTCGT,67
AGGATCGT,68
TTAATCGT,69
CATTGCGT,70
GCTGGCGT,71
CGACGCGT,72
CCGTCCGT,73
AATGCCGT,74
CGCACCGT,75
TTCTACGT,76
CGTGTAGT,77
ACTATAGT,78
ACAGGAGT,79
CCTCGAGT,80
AGGTCAGT,81
GAACCAGT,82
TGTACAGT,83
CATGTTCT,84
CGGCTTCT,85
AGAAGTCT,86
CGGAGGCT,87
ACGCCGCT,88
AACCAGCT,89
ACCGGCCT,90
TGCCACCT,91
ATGGCACT,92
AATCTTAT,93
CTAGGTAT,94
TTGGTGAT,95
GAATGCAT,96
CCAAGCAT,97
AATTGTTG,98
GAAGGTTG,99
GTCCGTTG,100
ATAAGTTG,101
TCTTCTTG,102
CGCTCTTG,103
CATCCTTG,104
GTGACTTG,105
ACCTATTG,106
CAGTTGTG,107
ACTGTGTG,108
TAGCGGTG,109
CTCCAGTG,110
AGACAGTG,111
ATAGTCTG,112
TGGAGCTG,113
TTATACTG,114
CAACACTG,115
GCATTATG,116
TATCTATG,117
AACCGATG,118
CAGAGATG,119
ATCATTGG,120
AGACCTGG,121
GACACTGG,122
GCTTATGG,123
CAGTATGG,124
ACCGTCGG,125
GGCTGCGG,126
TCTCGCGG,127
CGTAGCGG,128
GTATCCGG,129
TCAGCCGG,130
AGGTACGG,131
GATGACGG,132
CGAGACGG,133
CTGCACGG,134
TCCAACGG,135
GACCTAGG,136
CTAATAGG,137
TTCGGAGG,138
CGCCGAGG,139
ACGAGAGG,140
ACCTCAGG,141
AGTGCAGG,142
AATTAAGG,143
GCAGAAGG,144
ACTATTCG,145
TACATTCG,146
TGTAGTCG,147
CTCAGTCG,148
CGAACTCG,149
ACAGATCG,150
GGTGTGCG,151
CAAGTGCG,152
CCGATGCG,153
TTAATGCG,154
ATAGCGCG,155
GAGGAGCG,156
GAATTCCG,157
CCTGTCCG,158
GTCGTCCG,159
CACTGCCG,160
ACATGCCG,161
AGTGACCG,162
TAGAACCG,163
GTACTACG,164
CAGTCACG,165
GGATAACG,166
TCCGAACG,167
ATGCTTAG,168
GCATGTAG,169
AGAGGTAG,170
GGTCCTAG,171
GTTGATAG,172
TGTCTGAG,173
GAGATGAG,174
GTGTGGAG,175
CTTAGGAG,176
GGCAGGAG,177
ACTTCGAG,178
CGCGCGAG,179
CATTAGAG,180
CAGCGCAG,181
TATAGCAG,182
GAAGCCAG,183
ATGGACAG,184
CACGTAAG,185
GGTATAAG,186
CTCTGAAG,187
TCAAGAAG,188
TTGTCAAG,189
TATGCAAG,190
GCGGCAAG,191
CCTCCAAG,192
CAGTGTTC,193
TCTCGTTC,194
GCGAGTTC,195
TGACCTTC,196
TTGCTGTC,197
AGCTGGTC,198
CAACGGTC,199
GTTACGTC,200
AGGACGTC,201
CTGTCCTC,202
TCTGCCTC,203
AACAACTC,204
TGAGTATC,205
TAGATATC,206
GGTTGATC,207
TGCCGATC,208
GCCTAATC,209
AATGTTGC,210
GTGCTTGC,211
TGGATTGC,212
CTAAGTGC,213
CTTGTGGC,214
ATCCTGGC,215
ACAGCGGC,216
GGTAAGGC,217
CGCCTCGC,218
TATTCCGC,219
ACCTACGC,220
GGATACGC,221
CAATGAGC,222
TGCGTTCC,223
TCGCTTCC,224
ATAATTCC,225
AGGTGTCC,226
GTCTGTCC,227
TAATGTCC,228
CACGGTCC,229
AAGCCTCC,230
CCATATCC,231
AGTCATCC,232
GTACATCC,233
GTGTTGCC,234
CCGTGGCC,235
GAGCGGCC,236
TCCTCGCC,237
GCTCCGCC,238
TAGTAGCC,239
GTTGAGCC,240
GCGAAGCC,241
TGCAAGCC,242
GCTGTACC,243
TTGGTACC,244
AACGTACC,245
GTCATACC,246
ACTCGACC,247
TTACGACC,248
CTCGCACC,249
TGTCCACC,250
CGGACACC,251
TACACACC,252
GATTAACC,253
TTCTAACC,254
CGTGAACC,255
CAGCAACC,256
GGCCAACC,257
GGTGTTAC,258
GATTGTAC,259
CCGCGTAC,260
TAGAGTAC,261
GGCTCTAC,262
ACATCTAC,263
TGAGATAC,264
AGGAATAC,265
ACTCTGAC,266
GACCTGAC,267
TGAATGAC,268
GGATGGAC,269
TATCGGAC,270
GTAGCGAC,271
CCACCGAC,272
TCCGAGAC,273
CACAAGAC,274
CATGTCAC,275
AGGCTCAC,276
TCTATCAC,277
TTGCGCAC,278
GACAGCAC,279
CCGGCCAC,280
TTCGCCAC,281
GTGTACAC,282
ATAGTAAC,283
TAAGGAAC,284
GTGAGAAC,285
ACTGCAAC,286
GATCCAAC,287
TTAACAAC,288
TTAGGTTA,289
GTTCCTTA,290
AGCGTGTA,291
GCCTGGTA,292
TGAGCGTA,293
ACGTCCTA,294
AGATACTA,295
TATCACTA,296
TACTTATA,297
TCGGTATA,298
CCACGATA,299
CATTCATA,300
ACCGCATA,301
ATGACATA,302
TTCGAATA,303
AGTCTTGA,304
TCAATTGA,305
GGTACTGA,306
GTCCATGA,307
GCGCTGGA,308
CCTGCGGA,309
CTGTAGGA,310
GTAGAGGA,311
CAACAGGA,312
CTCGGCGA,313
TAGAGCGA,314
TTGTGAGA,315
TGGCCAGA,316
ACACCAGA,317
CCTTAAGA,318
TATGAAGA,319
AGCCAAGA,320
ACCGTTCA,321
TGACTTCA,322
ACTTGTCA,323
CGGTCTCA,324
GAATCTCA,325
ACGACTCA,326
TAAGATCA,327
TTGCATCA,328
ATTAATCA,329
CGCCTGCA,330
GAACTGCA,331
AGTATGCA,332
CTCTCGCA,333
TACGCGCA,334
TTGACGCA,335
GCTTAGCA,336
AACTTCCA,337
CCGCTCCA,338
TGGATCCA,339
GATTGCCA,340
CTGTGCCA,341
ATCAGCCA,342
TTATTACA,343
ATGCTACA,344
AGATGACA,345
CCTACACA,346
GTAACACA,347
ACCTAACA,348
CTCCAACA,349
GGCCTTAA,350
TTGATTAA,351
TGGCGTAA,352
GTTAGTAA,353
TGCGCTAA,354
ACTCCTAA,355
TGTAATAA,356
GCCAATAA,357
GCATTGAA,358
TTACTGAA,359
CTCATGAA,360
TCCAGGAA,361
ATTACGAA,362
CCGACGAA,363
TGATAGAA,364
TAGGAGAA,365
GTGCAGAA,366
CGGTTCAA,367
AGTGTCAA,368
GAGGTCAA,369
TGTTGCAA,370
ACCTGCAA,371
CTACGCAA,372
GCGAGCAA,373
CGCAGCAA,374
GCTTCCAA,375
AACGCCAA,376
CGAGCCAA,377
AGGACCAA,378
GTCACCAA,379
AAGTACAA,380
GGCTACAA,381
TTAGACAA,382
TCGCACAA,383
ATCCACAA,384
GCAACCGT,385
GCTTCAGT,386
GTCGCAGT,387
GGCTAAGT,388
ATATAAGT,389
AACGAAGT,390
GCGCAAGT,391
GCGGTTCT,392
ATCCTTCT,393
CCAATTCT,394
TCGTGTCT,395
ATTGGTCT,396
GAGAGTCT,397
GGTTCTCT,398
CGCGCTCT,399
TATCCTCT,400
AATTATCT,401
TCACATCT,402
TTCAATCT,403
AGGTTGCT,404
ACAGTGCT,405
CTTCTGCT,406
GACATGCT,407
GCTAGGCT,408
ATCACGCT,409
GGAACGCT,410
GAATAGCT,411
TATGAGCT,412
CTCGAGCT,413
CAGTTCCT,414
ATATTCCT,415
ACTCTCCT,416
GTTATCCT,417
CAAGGCCT,418
TAGCGCCT,419
GGCAGCCT,420
GCCTACCT,421
GGAGACCT,422
GATCACCT,423
CTACACCT,424
ACGAACCT,425
CACAACCT,426
GGTCTACT,427
CTGATACT,428
TGCATACT,429
CCATGACT,430
AACTCACT,431
TAAGCACT,432
GATACACT,433
CGGTAACT,434
ACTGAACT,435
AGACAACT,436
GTCGTTAT,437
CAGATTAT,438
TCTAGTAT,439
CCTTCTAT,440
AAGTCTAT,441
GATGCTAT,442
GCGCCTAT,443
CGACCTAT,444
AGTACTAT,445
TACACTAT,446
CAATATAT,447
CCGGATAT,448
AGCGATAT,449
GTGAATAT,450
AACGTGAT,451
TATATGAT,452
ACGATGAT,453
TGCCGGAT,454
GTAAGGAT,455
CTGTCGAT,456
TCATCGAT,457
GCCGCGAT,458
ATACCGAT,459
GTCTAGAT,460
AGGCAGAT,461
CCTAAGAT,462
AGCTTCAT,463
CGTATCAT,464
GCCATCAT,465
GGTCGCAT,466
TTCAGCAT,467
GTGGCCAT,468
ACAGCCAT,469
CTTGACAT,470
GACGACAT,471
TAGTTAAT,472
GCAGTAAT,473
CTACTAAT,474
AGAATAAT,475
AGTTGAAT,476
GCGTGAAT,477
CGGCGAAT,478
GTCCGAAT,479
ACCAGAAT,480
GTATCAAT,481
CAGGCAAT,482
GCCGCTTG,483
TACGATTG,484
ATTCATTG,485
GCGCATTG,486
GGTAATTG,487
ATCTTGTG,488
CCGGAGTG,489
GACAAGTG,490
ACGCTCTG,491
CATGGCTG,492
GCACGCTG,493
CTCGCCTG,494
GATACCTG,495
CCGACCTG,496
GGCCACTG,497
GTTAGATG,498
AGGCCATG,499
ACTACATG,500
CTTGAATG,501
AGCGAATG,502
ACTGGTGG,503
AAGCGTGG,504
TTGAGTGG,505
CCTACTGG,506
CCACATGG,507
GCTATCGG,508
ATGACCGG,509
AAGGTAGG,510
ATTCTAGG,511
CCGCTAGG,512
AACGCTCG,513
GCACCTCG,514
CGTTATCG,515
CACCATCG,516
AATCTGCG,517
CGACGGCG,518
GATTCGCG,519
GTGCCGCG,520
GCCACGCG,521
CTATAGCG,522
AGAATCCG,523
ATTCGCCG,524
GTGAGCCG,525
CCGTACCG,526
ATCTACCG,527
CTTAACCG,528
AGCCTACG,529
AATGGACG,530
CTGCGACG,531
TGGCAACG,532
TCAGTTAG,533
CGCATTAG,534
TTACATAG,535
AGATTGAG,536
AACTGGAG,537
GAACGGAG,538
TTCACGAG,539
CGGAAGAG,540
CTATTCAG,541
GCCGGCAG,542
AGCCGCAG,543
ACCACCAG,544
TCTGACAG,545
CGTGGAAG,546
GTAGGAAG,547
GACTCAAG,548
CGATCAAG,549
GTATCTTC,550
AATACTTC,551
CAAGATTC,552
TAGCATTC,553
CGCCATTC,554
CCATTGTC,555
GCCATGTC,556
TTATGGTC,557
CCTAGGTC,558
ATCGCGTC,559
ACGTAGTC,560
AGTGAGTC,561
AAGTTCTC,562
GGTCTCTC,563
TACCTCTC,564
CTACTCTC,565
GTGATCTC,566
ACTTGCTC,567
GTCGGCTC,568
TCCAGCTC,569
GGAAGCTC,570
GACTCCTC,571
CATTACTC,572
TGCTACTC,573
TCACACTC,574
GCTAACTC,575
CGGAACTC,576
CTTATATC,577
AGCATATC,578
ATTGGATC,579
GGCGCATC,580
GCGCCATC,581
CCAACATC,582
CTATAATC,583
GTGGAATC,584
GAACAATC,585
CGAGTTGC,586
CACATTGC,587
CGCTGTGC,588
TTCCGTGC,589
GGACGTGC,590
ATTCCTGC,591
CAACCTGC,592
AGCACTGC,593
GGCGATGC,594
ACGCATGC,595
TAATTGGC,596
GTAATGGC,597
TGGTCGGC,598
GACTAGGC,599
AAGGAGGC,600
GCACAGGC,601
TTGAAGGC,602
GTCTTCGC,603
GCGGTCGC,604
CCAATCGC,605
ATGTGCGC,606
AGAGGCGC,607
GTTAGCGC,608
CTAGCCGC,609
CCTGACGC,610
TAAGACGC,611
GAGCACGC,612
ATACACGC,613
CTCAACGC,614
AGATTAGC,615
CATCTAGC,616
ATGATAGC,617
GATGGAGC,618
AGGCGAGC,619
AACAGAGC,620
CGTTCAGC,621
GTGTCAGC,622
TCCGCAGC,623
GGAACAGC,624
TCGTAAGC,625
TACCAAGC,626
GAAGTTCC,627
CGTATTCC,628
CTTCGTCC,629
TTGTCTCC,630
AGAGCTCC,631
TCAACTCC,632
CACTTGCC,633
AGACTGCC,634
AGTTCGCC,635
CAGGCGCC,636
TAACCGCC,637
ATGCAGCC,638
ACGTTACC,639
GGAGGACC,640
ACGGTTAC,641
CTCCTTAC,642
ATACGTAC,643
CTTGCTAC,644
GAGGATAC,645
TTCTTGAC,646
AGTAGGAC,647
GAGTCGAC,648
CTTCAGAC,649
TCATGCAC,650
CAATCCAC,651
CGCGACAC,652
CGCTTAAC,653
GAATTAAC,654
AAGTGAAC,655
AGCGGAAC,656
CGAAGAAC,657
CTGCCAAC,658
CATAGTTA,659
GGCAGTTA,660
CGTGCTTA,661
TCCACTTA,662
AGAACTTA,663
GATTATTA,664
ATGTATTA,665
GGAGATTA,666
CTACATTA,667
CCGAATTA,668
CTGGTGTA,669
CCTCTGTA,670
ATAATGTA,671
ATCCGGTA,672
ACGAGGTA,673
GTGTCGTA,674
AACTCGTA,675
GATGCGTA,676
AGTCCGTA,677
TCGCCGTA,678
TCTGAGTA,679
CACGAGTA,680
CTTAAGTA,681
TGGAAGTA,682
CTCTTCTA,683
CAATGCTA,684
GGTGGCTA,685
ACAGGCTA,686
CGGCGCTA,687
GACCGCTA,688
GTAGCCTA,689
TGTACCTA,690
ATTGACTA,691
AGGTTATA,692
GAAGTATA,693
CAGCTATA,694
GAGTGATA,695
AGTAGATA,696
TTACCATA,697
CGCTAATA,698
GGTCAATA,699
GCTGTTGA,700
ATAGTTGA,701
TACCTTGA,702
AACTGTGA,703
TCCGGTGA,704
GATCGTGA,705
GCCTCTGA,706
CCGCCTGA,707
TGCTATGA,708
ACATATGA,709
CATATGGA,710
CGATCGGA,711
GGCGCGGA,712
ACCACGGA,713
ATTCAGGA,714
TCGTTCGA,715
AAGCTCGA,716
ATTATCGA,717
GACATCGA,718
GAAGGCGA,719
GTGCGCGA,720
GAGTCCGA,721
TTGGCCGA,722
ACGGACGA,723
GCTCACGA,724
ATCTTAGA,725
GTGGTAGA,726
TGCGTAGA,727
CCAGTAGA,728
GGACTAGA,729
GCATGAGA,730
TCTAGAGA,731
CGGAGAGA,732
TAATCAGA,733
GCGACAGA,734
GATATTCA,735
GCGCGTCA,736
AGCCGTCA,737
TCTGCTCA,738
AAGGTGCA,739
CGTTGGCA,740
GTATGGCA,741
TATAGGCA,742
GCGGCGCA,743
CGAGAGCA,744
TCTCTACA,745
CGCGGACA,746
TCAGGACA,747
GTTCGACA,748
AAGAGACA,749
GGTGCACA,750
GAGCCACA,751
TGTTAACA,752
CAAGTTAA,753
CCTATTAA,754
TTCTGTAA,755
CGATGTAA,756
TCGTCTAA,757
ATGTTGAA,758
CAGTGGAA,759
GCTCGGAA,760
TATTCGAA,761
GGACCGAA,762
TAATTCAA,763
TCCGTCAA,764
GTTCTCAA,765
AATCGCAA,766
TCAACCAA,767
TACAACAA,768
