CCTTAACAT,1
AGCGTAGAA,2
CATAGGTGT,3
CACGACTCA,4
AGCATTCCA,5
TCCACCGGT,6
GCAGCTTGA,7
TAACACATC,8
ACGCTATGT,9
TAGACCATG,10
TTCTGAATG,11
CTCTTCAGC,12
CTGTACGAC,13
AAGCCAAGT,14
AGAATCAGA,15
TTGGTAACT,16
GTCAGCGTC,17
AGTGAACGG,18
TAATCTGGA,19
ACCGTCCTA,20
AGTTGAGCG,21
AAGAGAACT,22
GTTAGTCAA,23
AAGCACAAC,24
CTACGTTGG,25
CCATGCGTC,26
TTACTTACG,27
GTGTCCGTG,28
GACTCTCAC,29
AATTAGAGG,30
ATTAGCCAC,31
GGAAGTATG,32
CCATATCTT,33
CGCTGTAGT,34
TGAGAGGAC,35
ACCTGTACC,36
TATGCCTTC,37
TAGCAGAGT,38
CGGTAGCTT,39
GATAACGTC,40
TGTTGTCGA,41
ATTAGCACA,42
ATCCGGTCC,43
GCCATCGCT,44
GCGAAGACA,45
AGGTCAGCA,46
ACTGTGTCA,47
GAGACGATC,48
AGTCCAGTG,49
GTGAATGCC,50
CCTAAGTCT,51
CCGGTTGAG,52
GACTGCCTG,53
TACGGTCGT,54
ACCTCCTAG,55
CTAACCGGT,56
ACTCGTAGG,57
GTAGTTGGT,58
GCTACCTTA,59
CTACGGTAT,60
GATTAGTGT,61
CGCAATCGA,62
CCGGTTCTA,63
CCATCTAGG,64
AAGCAACTA,65
CGACCACTT,66
GATGCGGTT,67
CACTCACTA,68
TAGGTTAGT,69
ACCACTAGG,70
TCGCTGTAA,71
CAAGAGAGT,72
GTGTCTGGA,73
GATCTGAAT,74
GCTGATGTC,75
AGCCTCTAG,76
GATCTTCGC,77
AATCCTCGT,78
AGATATGGA,79
CGTATAGCG,80
GCTTGTCCT,81
ATCCAGCTG,82
ATCTCGTGA,83
CCGATGTTC,84
TCTTAAGTG,85
ATCAAGCAT,86
CGACGTGAT,87
GTATGATCT,88
AAGTAGGAC,89
TTCACCTTG,90
CTGAGATAG,91
ATGCGTGGA,92
AGCTTGGTG,93
TGCCGCTAC,94
GGAAGAAGC,95
GGAGTTAGC,96
TTAGATCGG,97
CAATTGTCT,98
CAGTGAGGA,99
GTCATTCTA,100
GAGCACATT,101
GATGTCTAG,102
GAGTGCATA,103
CTTATCTCA,104
AGCCAGGAC,105
ATAGACCGA,106
ACATGACTA,107
CAGCTTACC,108
GATTGGAAG,109
CAACGATCG,110
CACTAGACT,111
CCACACAGA,112
CGATTCGAG,113
AGCCACTTC,114
GTCTGAGCC,115
TACTACTGT,116
TCGTACCTT,117
CAATCTCCG,118
CCGTCAGGT,119
TCCAATCAT,120
GTGTTGGAA,121
GTTAGAGAC,122
AGTGATGCG,123
TAGCCAGTG,124
GCCTGCATC,125
CTGACAGCA,126
TCGGTATCA,127
GGTCGGTCT,128
CGAACAGAG,129
GCGATATGA,130
TTCTCCACA,131
CGCCATTAC,132
TCTAGTGAC,133
GTTCAGAAG,134
ACAGGTATC,135
TATACCACT,136
GTCACAGAG,137
CCGTCCACT,138
GTACTCTAC,139
GCACGTAGA,140
CTCGCTACG,141
GAGCGACTC,142
ACATTCCAC,143
ATGACACAA,144
CATGCCAGT,145
TACCATGTA,146
TCAGCGACC,147
GGACTCCTT,148
GTAGACTCT,149
AGTTGCCTT,150
CGTGAGACT,151
CTAATACGC,152
TCTTAGCGA,153
TAGTAGTCT,154
CATAATTGG,155
CGAAGAGGT,156
AAGTACAGA,157
GACTCTGGT,158
AGCGGTCTA,159
CCTCCAATC,160
GTAACAGTC,161
ATGATAGCT,162
ACGCTAGTG,163
GAGACATTG,164
CCTATTGGT,165
CCGTAGTTG,166
TGGTTATAC,167
TAGCACACG,168
TCAATCTAG,169
TGGATAGGT,170
TCTGTGAAG,171
ATAGCTTGC,172
TGAACCAAT,173
GGTGAGTTC,174
CCATATGCC,175
TCAGTGCAA,176
TCGTGCCAC,177
TGCAGTTCA,178
CCACTACCA,179
GTCCGCTCA,180
GCATACTCC,181
CGCAGTGTC,182
ATCGTAGTG,183
GCCGTCTTC,184
GTGTATCTG,185
ACTCTGCTC,186
TCGTCCGAT,187
TCAGAGCGT,188
GAGTTATAG,189
TTCCTTGAC,190
CTCTAGTAA,191
GACGTAGCA,192
ACAGCGGTC,193
TAGCACTAT,194
GGATACAAT,195
AATATCAGC,196
AACGGTAGC,197
CCAGATCAC,198
CGATCCAGA,199
GCTTCACTC,200
TGGTAGCAG,201
CATTGACAA,202
GACGGTGCT,203
CAGTCCTAA,204
CCGAGTACT,205
CTTCTCATC,206
GCGTGAGCT,207
GTTGCATGG,208
TATCTGTCA,209
GTCTACCAA,210
CACCAAGAT,211
CGTGGTACC,212
GCCTTAGAG,213
TCGGAACGA,214
ATTATGCAG,215
GGTTGCTAT,216
TGTCATAGC,217
TCAAGCGTA,218
TGTATGTAG,219
CCGATACCG,220
TGCTTACGG,221
GTAATCAGC,222
AGGATCTCA,223
TTCTGGTGC,224
GGAACCTAG,225
AGCAGACAA,226
AGCACCAGC,227
CCTCATAAC,228
TTCCGAGCG,229
ACCATACTT,230
TCCTTCGTA,231
TAGCGAGAA,232
GATATGGAC,233
GCGACACAG,234
TGCGATACT,235
ACACATCTG,236
ACTCTAGGA,237
TAGAGACTA,238
GTAGCATAC,239
TTAACGGAG,240
TAGCGCAGC,241
CACACCACA,242
TTGCGAACA,243
GTGACTCTC,244
AAGTTGCCA,245
CTGAGTCCA,246
CGAGCCGTT,247
TACGACTTG,248
GTCAAGATC,249
ACTAACCGA,250
TATAGTGCG,251
GTGGATAAG,252
CACCTAGCG,253
ATAACGACA,254
GCTTGGTTC,255
CTAGAGGTA,256
TCAATGGAC,257
ACAGAAGAG,258
CTAGAGTCG,259
GATGTTACA,260
CACTTCCTT,261
TACCTCCTC,262
CTTCACTGT,263
TCGCTTAAC,264
TGCTCAGCG,265
TCCGGAGCT,266
CTCGCAAGA,267
CTGTCTAGT,268
TGCTATGAA,269
GTGATGTGC,270
TGAGATCAT,271
GCAGCTCTT,272
ATCCAATGA,273
AGGATTACT,274
ACGAGAGCA,275
CATCGAAGC,276
ATTCGAAGA,277
GCCTTCCAT,278
AGTCTGGAA,279
CTGTTACCA,280
GAGATACAC,281
AGGTCCGTC,282
ATCTGCGTA,283
AGTCATACT,284
CCTGCTCCA,285
CCTGCGTTA,286
CCACGTTCT,287
CCTCGGTCA,288
CAACGTCTT,289
CAATACCAC,290
AACTCCATG,291
TCACCGAGG,292
CCTATTCAA,293
TTCGCATCC,294
CGCCACCAT,295
ATGCCTTCA,296
AAGCAATCG,297
TACAACACC,298
ACACTAACG,299
CATATGTCG,300
CCGGTGGTT,301
AAGGATACG,302
GACGCCGTA,303
TCATGCAGG,304
ATAGTCAGT,305
GGTACTTCC,306
GGTAAGGAT,307
CCGCATCCT,308
GCTACAATG,309
AGTCGCCGA,310
AGGAATTGG,311
CTTGATCTA,312
ATGAACTAG,313
CTGGAGCGA,314
CTGCTGCTT,315
GTGGACTGG,316
CACCTTCCT,317
CGTACATCT,318
CTGGTACAT,319
GATACACTA,320
TAAGCCATT,321
GGAGAATGA,322
CCATACGAT,323
TGGAAGATT,324
GAATTGTTG,325
GGACTATTC,326
TCCTGTGGA,327
AGACTAGTA,328
GATGTAAGG,329
CAAGAGGAG,330
CCAATGCCT,331
GCTCAGCCA,332
CAGCAGTAC,333
AGACATCCA,334
GTTAGATTG,335
CACACTGCC,336
TCTAGCTGG,337
GTTATCGAT,338
CTTAGAAGG,339
TGATGGACA,340
AAGTTCTCT,341
CGCAACCTC,342
GTGTCGAGC,343
GAGTCGTAC,344
CCGGATTGC,345
GGAGCTCAA,346
CAGGTTGTC,347
ACCTAGTTA,348
TTACTAGTC,349
GGTCCTAAG,350
GATCGATAC,351
CACTGGTCC,352
GAACTGCAA,353
TAATGTAGC,354
ACGTTCAAT,355
GCACGCATT,356
AATGCTGAT,357
GCCACGAGT,358
CTACGAGAA,359
CATCCAGGA,360
AGTACGAAT,361
TGAACGTCA,362
TAAGTACAC,363
CTCCTATCT,364
CAGGATCAA,365
AACTGCGAC,366
ACGGACCAT,367
GAATTCAGT,368
AGTAATCAG,369
GCTATGTAA,370
AGTATGACG,371
CCTTCCTCA,372
AATGCGTGC,373
GCTGTTCGG,374
AAGCTTGCA,375
TAGCTGTTG,376
TGTGTAGAG,377
CCTAGTTAG,378
GTATACAGA,379
GGTTCGCAA,380
CGGTTGCGA,381
AACAGATCG,382
GCATACATG,383
GACCGTAGT,384
TGCGTCTTA,385
ACAATTCGG,386
CGCATCTAC,387
CATGTGAAC,388
ATGCTTCAG,389
CCAATATAC,390
TGTTACTGA,391
TATCGAGCC,392
ACAGGAACT,393
GAGCCGTTA,394
TGCGCACTG,395
AGATACGTT,396
ACCGAGTAG,397
ATATAGCGT,398
CGTGACCAG,399
GGTTCTATC,400
GTCGACATT,401
TAGTAACGG,402
GCATTGATC,403
CGCTTATGA,404
TCCTTCAAC,405
TGGAACTAA,406
AGATGTTGG,407
GGATAATAC,408
GCGCATTAC,409
AATCGCCAT,410
GAAGTGTGA,411
GAGTCTTCG,412
ACGATGGAA,413
ATCTACATC,414
ACGACATCT,415
GGTTACGCA,416
ACAATAGGT,417
TATCCTCAG,418
TACAAGAGG,419
CGACAGGAA,420
AACGCTCAA,421
GCTCTGTGT,422
TCGCTGATT,423
TTGAGCTCT,424
GTATCCTGC,425
CTCCTGACG,426
GTTCCAACA,427
TGAAGACCA,428
GCGTTCAGA,429
GACTATTGA,430
GAACCAGTT,431
CGTCTGTCC,432
GGTAAGTGA,433
GCGCTACCT,434
TGATCGGAA,435
TTCCTCGGT,436
GCCGAACCA,437
CTGACGGAT,438
CTCTAAGAG,439
TCCTTAGGT,440
GTACCACAA,441
TGATTATCG,442
TTACGCTCG,443
GTGCCATGA,444
GCGGACGAA,445
ATCAGAAGC,446
TGTCGTACA,447
GTCAGTTGT,448
ACAAGGTAC,449
CACGTAGAC,450
TCTCGTATC,451
CATCCACCG,452
CGACAGACC,453
GTGAGGACG,454
AGCAAGTCC,455
ACACGTTGC,456
ATGCGCTAC,457
CCAAGCGAG,458
GTGAACCAC,459
ACGCGTGAC,460
ACTACCATC,461
ATAATGTGG,462
GTCCTAGTT,463
GGAGCATCT,464
AGCAACATT,465
TAAGGTGAT,466
GTTGCTCAG,467
GTGCTGACT,468
TCGTCATTC,469
CGGTGTTAC,470
TGGAGTGGA,471
CAAGTCGAA,472
CCTCTCTAG,473
TATCAGTGC,474
GAGATTCCT,475
TCCATCATT,476
TATGACCGA,477
ACTAAGTTC,478
CAACACCTA,479
GTCCTTCAT,480
GGTGTTCAT,481
ACAACCGGA,482
CACCTACGC,483
CGACCTAGC,484
CCTTCGAGC,485
ATTGACACG,486
ATGCGGATT,487
CCGCACTCA,488
TGACTGAGA,489
ACAGAGATG,490
TCGCGTCAT,491
CTAGTGCTG,492
ACCATCTAA,493
TCATCATCT,494
TCAGACAAG,495
ATGCCTGTC,496
TAAGGTCCG,497
TCGGATGTT,498
GCTTCTGAA,499
TCCGTATAC,500
AGAAGAGTC,501
GGAGACACA,502
TTCTGCCGA,503
ATGCAGTTC,504
CTGTAGAAG,505
TGAACGGTT,506
CCGCAACAC,507
ATCTCGAAC,508
AACTTAGCT,509
CAGCTTCGA,510
CGACGTACG,511
TACGAGTGA,512
CATTCAGTT,513
GTACGCGAT,514
CTTCCGGTA,515
TCTGGAGGA,516
GCCTAACGG,517
CCGAAGCGT,518
TAGCCTTGT,519
CTGTGGTGG,520
GCAGATCCG,521
GCTGGTTCG,522
AGTGAGAGA,523
CCGTACGGA,524
CCACGAAGG,525
AGCATATGG,526
ACTGGTGCT,527
GCAATCACG,528
CAGATCATT,529
AGCTGCACT,530
CCAGGAGTT,531
GTCTGACGT,532
GAATCAACC,533
TCTGATGAA,534
CCAAGTCGA,535
TGTGGACAA,536
GGATTCGTC,537
AATCAGGAG,538
CCTCGCGTT,539
AATACGTCT,540
ATGGATATC,541
GGTAGTGTT,542
AACAACTGG,543
TATCATGCT,544
GCGAGTCTA,545
GCGACCTGT,546
AATATCGCT,547
ACCAGCGTT,548
TCCACCTCA,549
AGAAGTCCT,550
GTTCACTCC,551
GATAGTTCT,552
AGGAGGTGA,553
GATGCAGAA,554
TGTACACGA,555
GACCAGAGA,556
ATTAAGACC,557
TTGCCAGAT,558
ACCATGTCT,559
TGTCCATAG,560
ATATTCGCA,561
GATATATCC,562
TGCCTGGTT,563
CTCAGTGAT,564
TACCGCGTT,565
TTGGACTTC,566
CATACGCAG,567
GCCAACAAT,568
GTGCTCGGA,569
TGCAGTCGG,570
AGATCTGAC,571
CATGGACTC,572
TACATGCAC,573
AGTGTGCAC,574
TACACGGTC,575
ACTGACTAC,576
CATAGTATG,577
GAGAATCAG,578
TCGCCAAGC,579
CCTGTATCT,580
AAGAGAGAG,581
ATAAGACAG,582
TGCCATCTC,583
ATCACCGCA,584
GTTGACGTG,585
GGTGAGCGT,586
ACGTGAATC,587
CATGGTTAC,588
TCTAGGATG,589
TCAAGGAGT,590
CTGGTCGGT,591
GTCTTCATA,592
AGGTGCGAG,593
CTGCGTCAC,594
ACGACTGCG,595
CGGAAGACG,596
CACAATAAC,597
GTACGTCTA,598
TACTAGTAG,599
GATTATGCG,600
TAATTCGTG,601
CTGCTTAGG,602
GTAACGCGA,603
CATTGTTCA,604
CCAGTCTCA,605
AATACCTTG,606
TGCATACAT,607
GGATTACGC,608
CCTTATCCG,609
CAGATCGAC,610
GACAGGTTA,611
ATCCTCCGA,612
GACATATGT,613
CTTGGATCA,614
CAGCTCTTC,615
AGTGTTCTG,616
AAGACTGGT,617
CTCGTGTCC,618
ACAGTATTG,619
CCTCAGGTG,620
CAGTCTAAC,621
AACCATGGT,622
ACGTGCTCG,623
TCAACACTC,624
CGTTACACC,625
TATACGTGG,626
ACCTAGCAC,627
CCATCACGA,628
GACTTGATT,629
CATCCGACA,630
TCTACATCC,631
ATCCATTAG,632
TGCTCCTCC,633
ACGAATCGC,634
GACCAACAG,635
AATGCACTT,636
TTGGAGAAC,637
GAGTCAAGG,638
ACCGGAAGG,639
CTCTGCGGT,640
TCTAATACC,641
TAACATTGG,642
TAACACGAG,643
TGAACTTGC,644
TCCTGAGAC,645
TACGAACTC,646
TATCGGAAC,647
GGTAGACAT,648
GTCTTATGC,649
CTCTGCAAG,650
TATGGTTGG,651
CTATACTAG,652
CAATCATAC,653
GTGCATCAA,654
AGCTATATG,655
ATAGCACGG,656
CTTCTATGA,657
AGTAATGGT,658
CTGATCCGA,659
TCTCGATGC,660
ACTTCAGTA,661
GCAGCAGTG,662
ACTACTCAT,663
TAGGAGGAT,664
CCTTGTTGC,665
ACATTGACA,666
CTGACGATG,667
TTGTATCAC,668
TGAGCTAGA,669
CACTGCTTA,670
GTCGAGTAC,671
GAGTTAACT,672
ATCACTTCC,673
GCACATGTT,674
TTACAGTGT,675
ATCCGACCA,676
TCCAGCAGC,677
CAAGGTGTG,678
CAACCGGTC,679
CCGATCAGC,680
ATTGCCGAC,681
TGACCTATG,682
CAAGTCACT,683
CAGTGCTGC,684
TCCAGAACG,685
TTATCGCAC,686
AATGTGCGT,687
CGATTGAAC,688
TGGAGAACC,689
CTCCACGTC,690
GCAACCAAC,691
GGTGATAGG,692
GTGGTTACC,693
ACGACGATT,694
GCCGCCTAA,695
TTGATGCTG,696
ACACCACAT,697
TAGTCGCAT,698
TGTCAACCT,699
TGATTCACC,700
CAGTAATGT,701
TACCAGCCA,702
GCGTCGTCT,703
GTGTTCCAG,704
AGCGCATGA,705
CGTAATGAC,706
TGATTGTGC,707
TCTATTAGG,708
ATAGAGCAG,709
TGATCTCGG,710
AGTGACGAT,711
TCATCTGTC,712
TTGAGACGG,713
CATATGCGA,714
TAGGAGCTA,715
CTCTGTCAA,716
TCTGAGATA,717
CAGGTATCG,718
GAGGTCCTT,719
TAGCTAAGA,720
ACCGAGACA,721
ATCTCTGCT,722
CCTAGTCTC,723
CCATGATGT,724
CGGAACGAG,725
CCGTTCCAA,726
TCATCAGAG,727
TGTATCGTG,728
AGACTTCGT,729
GCGTAACAA,730
GGTTCAGAC,731
ACTCACGAA,732
CGTATCGAA,733
ACTGTAATC,734
GCCACATGG,735
GACTCAGTG,736
TGGTCGCTA,737
TATGAAGAC,738
AGTTCGATA,739
TCGTAGGAA,740
GAATAAGAG,741
TCCTCTAGT,742
GCCGTTGTT,743
TTGACCTGA,744
GGTACGAGC,745
CGGATTCTC,746
GTAGAAGTT,747
GTGGAGGTC,748
TGTAGCAAG,749
CCGCTATCC,750
TTATGAGGA,751
AGTAGAGGA,752
ACGACAGTC,753
CGATACTCT,754
CTGCAAGCC,755
AGCGTCGTC,756
CGATAGGTG,757
TTCGCTGAG,758
GCTCTCCAA,759
CCTTAATTC,760
GCCGCTATC,761
TAGACCTAC,762
GCACAGTAA,763
ACTCCGTCG,764
CGTGCAAGG,765
GAGCTCTCA,766
CGAATCCTG,767
CAACGCACA,768
CCAACAACA,769
GCCAATGAA,770
CATCAATAG,771
TATGATGTG,772
CACGGATAG,773
ACCACGCTA,774
TGACAAGTT,775
AATACTCCG,776
GTCTCCAGG,777
TCAGTAAGC,778
CAAGAACCG,779
CGCGCACAT,780
GATCTAGAG,781
AATTCGGAA,782
CTTGCGACC,783
CTCATTAGT,784
GCCTTGTGA,785
ACTATCCTG,786
CAGCGACGT,787
AAGCCACAC,788
CTTGGTCAT,789
TTACACCTT,790
AACGAGGTG,791
GCGAACTCG,792
ATACCGAAG,793
AGTACTCTC,794
TACGTTGGA,795
TAGATCTGT,796
GTAATATCG,797
TGAGAATCC,798
GCTCAATGA,799
GACGTGGTC,800
GGAATTGGA,801
GAGCATACA,802
TTCAACTAC,803
ACCGACGGT,804
GCTAGCTCC,805
GACTGCGCA,806
TCCGATAAC,807
GGTCCTGGT,808
ATACGAGGT,809
GGATCAGGT,810
GAGTGTGCC,811
CAGAAGTGA,812
ACGAGCTTC,813
CTTATTGAG,814
TCACATACT,815
TGTAGATCG,816
GAACAACCA,817
ACATGGATT,818
CCTTGCTTG,819
CTCGAACTG,820
TGCAGCCTT,821
AGAGGACGT,822
GTTGACCAT,823
ATATGCAGC,824
CCACTGAAG,825
ATACTTGCT,826
AAGACTACC,827
AACGCCTAC,828
CTCGACGAT,829
TCCTATTCC,830
CAATGCATT,831
CAAGCGCAT,832
ATGAGTGTG,833
GATCGTTGA,834
CCACATTAG,835
TACTCGCTG,836
CAATCAAGT,837
GATCGCACT,838
ACCGGAGTA,839
TGACGGTTG,840
ACTTCTTGG,841
AAGGTCTGA,842
TCTACAGTT,843
TGATTGCTG,844
CCGTTAGAC,845
GACGTTCAG,846
CGTTCCATT,847
CGTTGATCC,848
CGAACAATC,849
TTCGGAGTC,850
AGCTCGTCT,851
TGCCAATGG,852
CCTACTAGA,853
CTGGTGACA,854
AGTAACGTA,855
AGACGCTAT,856
TTGCAGTCA,857
GAGCCATCC,858
TGTAACAGT,859
AGTTATCGC,860
TAATCACGC,861
CACTACAGG,862
ACCGCTGTG,863
GGTTAACAG,864
GAAGAGCAC,865
ACTCATTCA,866
ACCATTCAC,867
ATCATAGAC,868
CAACCTGGT,869
CACCTCGGA,870
TAGGATTAG,871
TATTCAACG,872
TAGGATGCC,873
GCCTGGAAT,874
CACACCTGT,875
GACTAGCAT,876
GGTAGCATC,877
TGGACGAGA,878
AGAGCCGCA,879
CGTGTGTGG,880
TGTTAAGCC,881
AGCGGAACA,882
AAGCTGGTC,883
TTGATCGTA,884
GTAACTCAT,885
TGTGAGTAT,886
CTGATGCAC,887
GCTACCGAG,888
CGTACACAC,889
TGCTCACAC,890
AGTTCAACC,891
CATTCCGAG,892
CGTTCGTAC,893
GCTTAGAAC,894
CCACCATGC,895
CTATGGATG,896
GATTAGACA,897
CCTCTTGTA,898
GAACATGAC,899
GCATGTAAG,900
GGAGATGAG,901
GTACCTAAC,902
CACTTGGAT,903
ACGTCTATG,904
ACGCACACT,905
CCGAATATG,906
TGCCACCGA,907
CATCCTCTC,908
TGAGGTCTC,909
CCGAGCTGA,910
TACTTACCA,911
ACGCAAGAT,912
GTAAGGTCC,913
ACCGATCGA,914
CGTATTCCT,915
AGTCAGTTG,916
GCACAACTC,917
CTCTCGATA,918
AGGATCATG,919
CGTGCTTGA,920
TGGTGGATC,921
AACTTCTGC,922
CCTCGACCT,923
GACCACTCG,924
TGAGACAGC,925
GATGCGACG,926
TGGAATCGT,927
TTGTCAACC,928
CGCGTGAGA,929
ATGGACGTT,930
TTAGGAAGG,931
CCTCGAGAG,932
CACATTCTG,933
CGCTTCACG,934
TCTTGGTAG,935
CTCAGCTGG,936
GATTCCTCT,937
AGTCTAAGC,938
TCACGCGAC,939
ATAGTGGTT,940
CTCGACTGC,941
TGAGTTAAG,942
TCCAACGTG,943
AGCTACTCA,944
GAGACTCGA,945
GATTCTCGG,946
GTCGTGTTA,947
GTAGGACGC,948
TACCGATTG,949
TCCTGTCCG,950
ACAAGTACA,951
CAGTGCCAT,952
AAGGTGCTG,953
GCGAGCAAG,954
CGTCATGGA,955
CATCTCGAT,956
ACCTGCAGA,957
CACCAGAAG,958
CATGGTCGA,959
GCACTGGAT,960
ACTATTGTC,961
GCAACTCGC,962
CCACGGATC,963
AGATCGAGT,964
AACACACTC,965
CTTCGACTG,966
ACGTCGCTC,967
TCGATTCAG,968
CCGATCTCT,969
AAGGAACAG,970
ATTCGCTTA,971
CTGAGGTTA,972
CTATAGCTC,973
TCGTGACGT,974
TTCCAATTC,975
CTGTGCTCA,976
CTTAACAGC,977
GTGCTCTTG,978
ACAGCATCA,979
AACCGCTGA,980
ATTCACCTC,981
CTAACACTG,982
GGATGCGAA,983
GAGATGTAT,984
TCTATGACA,985
ACACACGTC,986
GCGACAACC,987
GTACGAACG,988
GATGCTCCT,989
GGACGAGCA,990
GACACGCAA,991
TAAGCACTA,992
CCTAGCAAT,993
TGATAGAGG,994
AACTAACTG,995
GAACTCGTA,996
ATACAACCG,997
GAGGTGAGC,998
CTCGTTCAC,999
CCTAAGAAG,1000
TGTCTACAC,1001
TAGGTCAAC,1002
ACCGTACGC,1003
ACACAGAAC,1004
CTGATCAAG,1005
ACCGGTTAC,1006
ATCTTACAG,1007
CAGGAGCCT,1008
GTATCGTCG,1009
CGTGTATTC,1010
TGTCGTGAG,1011
ACAACGAGC,1012
CACGTCATA,1013
AACGTCGAG,1014
AGGTACCAA,1015
ATTCTCTGG,1016
CTGCAGAGC,1017
CAAGCCTCG,1018
GCGCTAGAA,1019
ATGAGGTAT,1020
CTGTCACTT,1021
AGACGGAGG,1022
TGCACGATG,1023
AGCGGTAAG,1024
ATAGTCTCC,1025
AGCCGTTCT,1026
CTCCAGCGT,1027
CACTGTATC,1028
CATCGCTGG,1029
TAACGGATA,1030
GTCGTCGAC,1031
CCTTGACGG,1032
GATCTACTT,1033
GATACCGGA,1034
CGTCGTCAA,1035
TCTCAGGAT,1036
ATTGCGCTA,1037
TAGTACGTA,1038
ACTGCTAGT,1039
CAACTCCAG,1040
CAGTACATC,1041
TCCACGTGC,1042
TAGTTGACG,1043
TGTAGGTTA,1044
ACCGTCACG,1045
AATCGTGTT,1046
GCTTACGTT,1047
CGGTGAGTC,1048
GTTACTACT,1049
TGCATCGGA,1050
CCTGACCTC,1051
TATTACAGC,1052
CTACCTGCG,1053
GGACAGATT,1054
TCACTCGCT,1055
AGTCGATCA,1056
GATCGCGAA,1057
GCTGGTAAC,1058
AGTGTCTCT,1059
TAGACCGCA,1060
AATAGACGC,1061
CTTCTGAGT,1062
AGGAGCAAT,1063
CGCACTGAA,1064
ACTGGTCAG,1065
GGTGCGTAG,1066
CAATGTGCT,1067
TGCGTGCCA,1068
ATCAGGATG,1069
ATAAGTTCG,1070
AGACATATC,1071
ACTTCTAAC,1072
AATTGGTGA,1073
AACTTGTCG,1074
TGGTAACCA,1075
TGCCGAACT,1076
CTGGTAATC,1077
CAGTTGAGT,1078
CCACAAGGT,1079
CCGCTCATG,1080
TGATGACAG,1081
CGCGTACTA,1082
TCTACGCAA,1083
ACGTATGTC,1084
ATGAGCAGG,1085
CACGATAGA,1086
CGACCTGTA,1087
GACACCGAT,1088
CCTGCAGAT,1089
GCTTCTACG,1090
CTTAAGTTG,1091
TACCTATCC,1092
AGAGCGCGA,1093
CCGCAGAAT,1094
CTCAGGTAC,1095
CGCCTGCAA,1096
CGAATGAGT,1097
TCTCATCGG,1098
GTCAACTGA,1099
GTCACTATG,1100
TCGAACGCT,1101
CCAGTACTC,1102
AGGTATTCC,1103
CTAGGTACT,1104
CCAACGGAA,1105
TGCTGCGTC,1106
GTCGCAGGT,1107
CACGGAAGT,1108
GAACCTTCA,1109
CACCTCAAC,1110
TTCCATACC,1111
ATCGAATCG,1112
CAGTCGGTA,1113
TCACGACAA,1114
TCGCAAGCA,1115
AACAATGCA,1116
CGTTAATGG,1117
AGACCAGCT,1118
ACACCGCCA,1119
TTACCTCTC,1120
GTGCGTTCC,1121
CGTCAGCAC,1122
TCAGAGTCA,1123
TTCACTCCT,1124
ATCCACAGT,1125
GGATCAATG,1126
GCGGTAAGT,1127
TCAGGACTG,1128
AGCTCTCCG,1129
TTGTAATGC,1130
TGCCGACTA,1131
GACATAACG,1132
CTAGTCGTC,1133
CCGCAGCTA,1134
ATGTCCTCC,1135
ATTGATTGG,1136
GTATGTATC,1137
TTCCTGCTA,1138
GCGCTTCTC,1139
CCAGCCAAT,1140
GACCGCTTC,1141
TTGCCGTAG,1142
GGACACTGG,1143
AAGCAGCAT,1144
TTCATCCAA,1145
ATCGATCCT,1146
CTAGACATG,1147
CAGCACGTG,1148
GAGCAGGAA,1149
AGAAGTAAC,1150
ATCCTGCCT,1151
CGCACTCTT,1152
AGGATGCGT,1153
TCACACTGC,1154
TCAAGGTCG,1155
CAGCGTAAG,1156
ATCGCCTCT,1157
ATTCCTACG,1158
CTGAGTAGC,1159
GCTCCTAGC,1160
AGTTGTGTA,1161
CTTAGGACT,1162
AAGACGAAG,1163
GACGGACTA,1164
AGTGGAATG,1165
AGACGCCTG,1166
CGCGATGTA,1167
GGTCTCATG,1168
GTCTCTTCA,1169
GGATACCTA,1170
ATGGTTCGA,1171
ATATCCGAT,1172
TGCGTAATC,1173
GCAGCGATA,1174
AACGGAGAT,1175
TACTCGACC,1176
TGATGTGTG,1177
TCACAGGTA,1178
ATCCGTCTC,1179
CTATTCCGT,1180
TTCGTGATG,1181
GCGGTAGTC,1182
CGCGAGTGT,1183
AACGTTCTT,1184
AGCACACCT,1185
ATAATCGAG,1186
ATATGTCCA,1187
ATCATGTTC,1188
GTGCACGAG,1189
AGTCGCGAC,1190
CACATATCA,1191
GAGTCACCA,1192
TTAGTCGGA,1193
CGGAATGCA,1194
TTCATTCGC,1195
CAGAGCACC,1196
AGATCTTCA,1197
ACCTTGAAG,1198
TCATGCTCA,1199
AGTTACAAG,1200
ACGCTCTTA,1201
GATAAGCTG,1202
GCCGTGAAC,1203
GGTAATCTA,1204
ACACTGTGA,1205
AATAACTCC,1206
CTATCTTGA,1207
GGAACTGCT,1208
TGCGTATCT,1209
GTCTTCTCG,1210
CATAAGATC,1211
CTCTCAGTC,1212
GACGTCAAT,1213
GCAGGAGAA,1214
TATAATCGC,1215
CACAACGCT,1216
CCTGTTAGC,1217
AATCCGCTG,1218
TCGCATTCG,1219
TGCGACGTT,1220
ACTCTCACA,1221
TAGACACGT,1222
GCGTATAGG,1223
ACATCGTCC,1224
CTCGTCTTG,1225
GGTTAGATG,1226
CCACGCCAT,1227
TGTGCTAAC,1228
ACGATGACC,1229
ATCAAGAGA,1230
CGGACAAGT,1231
TGACCAAGT,1232
TTAACGTTC,1233
GCCATACAA,1234
GAGTCCAAT,1235
CCATAAGTA,1236
TGTGCCATG,1237
GGTCTTGCA,1238
GTGTCACAC,1239
ACGGTGCCT,1240
CGGTTCTAT,1241
AGGAAGGTG,1242
ATTCCGTAC,1243
TACTGATGA,1244
CTCTACGCA,1245
AGGTCACGT,1246
TTAGCGTCT,1247
GCGATGGTG,1248
CGACCATCA,1249
CTGGACTAA,1250
CTTCGTGCA,1251
CTCCGCATT,1252
TACAGTTAG,1253
GGTTGAAGG,1254
CATTGCAGA,1255
TGACGATGA,1256
CTCATGCCA,1257
ATCAGTCGA,1258
CAGCTAGTT,1259
CGAGTAGCA,1260
AGGTGTACA,1261
TTCCGCCAG,1262
TCCAGCTAT,1263
TTATCCAAG,1264
TATTGCTAC,1265
ATTGGTTCC,1266
CACAGCGAA,1267
GTAAGTGAG,1268
AATGCCTCA,1269
GTCCACAAC,1270
GGAGTACAG,1271
GTCCGTAAG,1272
GCGCTCTAT,1273
GTAGCCTTG,1274
TATGAGACC,1275
GACGCTTGC,1276
CATGACGTT,1277
GTTAATTCG,1278
GAATCGAGA,1279
CCATTACAG,1280
CCGCAATGG,1281
TAGTGCACT,1282
GTAGCTACA,1283
GTGACGTAA,1284
TCGTTCTCC,1285
ATGTGACGA,1286
CCTGTCATT,1287
CATCTCACG,1288
GTACAATGC,1289
TATCTAGGT,1290
CTTGTAACG,1291
AAGGATCGT,1292
AGATGAAGA,1293
CCTGTCGAC,1294
ACGCGACAG,1295
GCGTGATAC,1296
AGGATTGAG,1297
AAGCATTGC,1298
TATTACTCG,1299
TGAGTGACT,1300
GTCAATACA,1301
TCAGCTCAG,1302
CTTCCGTGG,1303
TCGACGTTG,1304
GAGGACTTA,1305
TGGAGAGTG,1306
GAGGTCACG,1307
TGGATTAGC,1308
TAAGTGTAG,1309
CGCATAACT,1310
TGATACCGT,1311
ACGTACTGC,1312
TTCCTAAGG,1313
GTCAGACCG,1314
ATTCATGTG,1315
CATACAACC,1316
TACGACCAT,1317
GCCGAGTCT,1318
GCTGACAGA,1319
GGTCGGATA,1320
GACCGGTAG,1321
GAACTATGG,1322
CCGACTTGG,1323
AACAGCAGT,1324
GACCTTGTG,1325
CCACTTCGC,1326
CGTGTCCGA,1327
ATATCAGCC,1328
CGGAGACTT,1329
ATCGGTGGT,1330
TAGTCAGAC,1331
ATCTAGGTT,1332
TGCAGATGC,1333
CGGTTCGTA,1334
TGCGCTGCA,1335
GTAGAGAGC,1336
GCATGTGGT,1337
TCCAAGTAA,1338
TCCTCGTCG,1339
CATTCGAAT,1340
GACTTCACC,1341
ATAGCCTAA,1342
CCATAATCG,1343
GGTGGAGCT,1344
TACAGGACT,1345
GGATAGTCA,1346
ACTTGATCT,1347
ATGCGCCGT,1348
TAGAGCCAG,1349
TAGAGCGTC,1350
ATTAGCGGT,1351
AACAACCTA,1352
CAACACTCC,1353
AGCCTCGCA,1354
TTATTCGAC,1355
AGATGAGAT,1356
GATTGAGTA,1357
GTGCGAGTA,1358
CTGCGATTC,1359
GACAATGTT,1360
GAAGGATCA,1361
CTGGACACT,1362
GTTGATGCA,1363
TGCAACTCT,1364
CTGCATGTT,1365
AACGCATTG,1366
ATGTGAGAC,1367
TCTGCAACA,1368
CACATGTGC,1369
AGTTAGGTC,1370
GCTAGTGGA,1371
TATTGACTG,1372
CGTGCCTAT,1373
CTTCCTGAT,1374
GGTGTGACC,1375
TCAGGTGCA,1376
CTAACTAAG,1377
GCCTTATCT,1378
CAGCTGGAG,1379
TTACGGACC,1380
ATACCGCTT,1381
ACTTCGCAG,1382
GCAACACCT,1383
AGTACTACA,1384
AGCATTGTT,1385
TCCGATCTG,1386
ATGCTGTCG,1387
AACGAGAAT,1388
GCCATTAAG,1389
TGGTGCCTG,1390
TTAAGTGGT,1391
TAGTGATCC,1392
TATGTACCT,1393
TATACGGAT,1394
CAGCCGCAA,1395
ACGTGTAGT,1396
ACTCGTCTA,1397
CCTAGAGTA,1398
ACAGCGTAT,1399
GTGGTACGG,1400
AACGATGAC,1401
AAGCTGAGG,1402
TCTCCGCGT,1403
AGTCCGTGT,1404
TGTGTCTAC,1405
CTATTAAGG,1406
GGATCGTTC,1407
CTTAATCGT,1408
CCATAGCCA,1409
CCGACTGTT,1410
CTTACATGC,1411
CTAGTATAG,1412
ACCACGGAT,1413
TTGCTCTGC,1414
CGAGCTTAC,1415
ACGGTGTAC,1416
AGTAAGCCA,1417
AGACCACGC,1418
GCTTACTAG,1419
CAACTAATC,1420
TGCCAGACG,1421
AATTGGATC,1422
AATCTCCTA,1423
AGAAGCTGC,1424
CGTCTGCTG,1425
TAACGTGTC,1426
CATGTCCTG,1427
CCTCCTTGT,1428
GATCCGCAC,1429
TCTGCGCTG,1430
TCATATCGC,1431
CAGTATGAT,1432
TGGTGGTAA,1433
TGTGCAGTA,1434
CCGACGTCA,1435
ACAAGAATG,1436
ATTGATCAC,1437
CCAGTTACG,1438
TGTGGTCCT,1439
ATGCTCACC,1440
ATGAGATCC,1441
TTCCAGATT,1442
CGGTCGACA,1443
CTTACCTAG,1444
TACGTTACC,1445
ATGGAGAGT,1446
TTCCAGGAG,1447
ACTCGAGTC,1448
GCGAAGCTC,1449
AGAGCGGAG,1450
GGTAACTAC,1451
AGCACCGTG,1452
GGAATTCAC,1453
TAACCGTGA,1454
TCGGACAGT,1455
AGCGACACC,1456
GAACGCTGT,1457
AAGGAAGTC,1458
CAAGTACGA,1459
CACGCGTAA,1460
TGCCTTCAG,1461
ACTCCTGAG,1462
TTCAGTGCC,1463
GTAACCATA,1464
TGAGCAGAT,1465
CGCTTGTAG,1466
AATGAGTCG,1467
TATGTATGC,1468
AGAGGTGAA,1469
ACACACCGT,1470
TTGATGAGT,1471
TTGTTAGAG,1472
CTACTGTCA,1473
GTGCTAAGC,1474
TCGTAATAG,1475
ACTCCAACT,1476
ATGGAGGAA,1477
TGGTCCTAG,1478
TATCACCTG,1479
AAGTCATGA,1480
AATGCAGCG,1481
GCAATGAGA,1482
TGGACTGCC,1483
GGAAGGTAT,1484
CATTATGTC,1485
AGTCGTCCG,1486
AGCTTCGAT,1487
CAGTTACTG,1488
GATCTGTTC,1489
CCATTCTGC,1490
ACTTAGCTT,1491
ACTCGCTGT,1492
ATCATTACG,1493
GTCGTTAGA,1494
GAGAACAGG,1495
GAATCACAT,1496
CATAGAGAT,1497
TCAGTGTTC,1498
AGCCGGATC,1499
GTCGTTGCG,1500
TGACCTCCT,1501
ACTCCGGTT,1502
CCTCTGCAT,1503
GCACCATCG,1504
GATACTGTG,1505
AATCTGACC,1506
TACTTCCAG,1507
GTATTACTG,1508
GGATGCTCG,1509
GCGGAGATT,1510
GAGTATCGC,1511
GTAGTGGAG,1512
TGGTCTACG,1513
AACTGATTC,1514
CAAGCTGCA,1515
AACCGTGAG,1516
GTGTACCGT,1517
TCACTACGT,1518
ACGTAGTAT,1519
TGTCACATA,1520
TAACTCCGA,1521
CTATCCATC,1522
GCTGAGCAG,1523
CTTGCACAA,1524
CTAGTTCCA,1525
AGAGAGTGG,1526
TCGAATAGA,1527
TTCACTGGA,1528
AATGCTATC,1529
TAGATAGCC,1530
CACAACCAG,1531
GTATGCCTT,1532
TACCTCACT,1533
ATGTCGCCT,1534
ATCTGGTAG,1535
ACTGGACCA,1536
